Key,name,dummy
旧メイド秘書, メイド秘書,
旧叔父メイド, 叔父メイド,
旧エステメイド, エステメイド,
メイド秘書, メイド秘書,
叔父メイド, 叔父メイド,
エステメイド, エステメイド,
紗姫,雛口 紗姫,
梅子,南町 梅子,
英奈,油谷 英奈,
さな,澪次菜 さな,
エトワール,ジェンヌ エトワール,
シェリティ,エムシェレ シェリティ,
キューコ,　 キューコ,
七号,　 七号,
もつ子,放出 もつ子,
ドルチェ,山吹 ドルチェ,
結花,小野蔵 結花,
金,遠山 金,
ゆめ,水無月 ゆめ,
凜空,花路 凜空,
キヌ,山本 キヌ,
天,酒井 天,
まゆみ,大森 まゆみ,
静,狭山 静,
アイス,軍川 アイス,
香織,白土 香織,
カーシャ,　 カーシャ,
心那,鈴森 心那,
マリア,ヴィクトーリア マリア,
茉莉花,白峰 茉莉花,
杏里,町田 杏里,
マーガレット,ロス マーガレット,
真怜,鯖絵 真怜,
フォクシー,狸穴 フォクシー,
D子,　 D子,
めいあ,浅海 めいあ,
いやし,間々崎 いやし,
のの,丸之内 のの,
佳子,東雲 佳子,
玉子,乙姫 玉子,
クリーム,ファイエット クリーム,
アスラ,メージェ アスラ,
マリー,明智 マリー,
パトラ,箱入 パトラ,
瑠璃子,土豆 瑠璃子,
サキュバスメイド, サキュバスメイド,
旧千夏,尾高 千夏,
メイド秘書全裸, メイド秘書,
ファン, ファン,
薫,都出 薫,
月夜,涼谷 月夜,
このみ,純森 このみ,
佳乃,深川 佳乃,
旧メイド秘書SP, 旧メイド秘書,
よし子SP,土屋 よし子,
美希,槍間 美希,
千里,水無月 千里,
はるの,小日向 はるの,
ディーラーメイド, ディーラーメイド,
エマ,如月 エマ,
モブメイド1, モブメイド1,
モブメイド2, モブメイド2,
モブメイド3, モブメイド3,
モブメイド4, モブメイド4,
モブメイド5, モブメイド5,
モブメイド6, モブメイド6,
愛華,美咲 愛華,
メイドA, メイドA,
メイドB, メイドB,
メイドC, メイドC,
メイドD, メイドD,
メイドE, メイドE,
メイドF, メイドF,
桜SP,一之瀬 桜,
エレン, エレン,
ボーカリスト, ボーカリスト,
弥子,雪野 弥子,
アリア,黒翔 アリア,
ライラック,黒翔 ライラック,
ジャージライラック,黒翔 ライラック,
咲羽,黒澄 咲羽,
咲,小山 咲,
ドーナツ屋店員,ドーナツ 店員,
祥子,深山 祥子,
よし子,土屋 よし子,
安祐美,宮原 安祐美,
桜,一ノ瀬 桜,
藍依,椎名 藍依,
モエ, モエ,
紗子,佐田 紗子,
仁伊奈,沖津 仁伊奈,
葉,蒼井 葉,
花音,大橋 花音,
ひとみ,鳳 ひとみ,
ユウナ, ユウナ,
ひとみ２,鳳 ひとみ,
あゆむ,春日 あゆむ,
X1スワッピング女, ヤリマン女,
X1外国人女性, 外国人女性,
SMSP黒子メイド, 黒子メイド,
水着英奈,油谷 英奈,
水着さな,澪次菜 さな,
水着シェリティ,エムシェレ シェリティ,
水着紗姫,雛口 紗姫,
水着梅子,南町 梅子,
水着エトワール,ジェンヌ エトワール,
悠夏,赤羽 悠夏,
海外用このみ,仲野 このみ,
アズサ, アズサ,
